arm,session,round,username_1,username_2,task_1,task_2,design_1,design_2,strategy_1,strategy_2,collabBelief_1,collabBelief_2,usedRobot_1,usedRobot_2,score_1,score_2
control,01,1,user0011,user0012,6,1,M,M,C,C,72,79,false,false,122,122
control,01,2,user0011,user0012,0,13,Y,L,I,C,83,60,false,false,50,-85
control,01,3,user0011,user0012,20,2,Y,L,I,C,50,70,false,false,50,-28
control,01,4,user0011,user0012,15,4,K,K,C,C,100,75,false,false,105,100
control,01,5,user0011,user0012,3,25,L,Y,C,I,0,60,false,false,11,50
control,01,6,user0011,user0012,12,8,Y,K,I,C,50,71,false,false,50,-18
control,01,7,user0011,user0012,9,21,M,L,C,C,100,69,false,false,72,107
control,01,8,user0011,user0012,18,14,Y,M,I,C,77,71,false,false,50,-40
control,01,9,user0011,user0012,22,26,M,K,C,C,21,70,false,false,114,107
control,01,10,user0011,user0012,8,12,Y,Y,I,I,89,11,false,false,50,50
control,01,11,user0011,user0012,4,15,K,L,C,C,69,69,false,false,100,115
control,01,12,user0011,user0012,14,18,Y,Y,I,I,50,14,false,false,50,50
control,01,13,user0011,user0012,11,29,K,L,C,C,100,68,false,false,107,88
control,01,14,user0011,user0012,17,28,Y,Y,I,I,100,25,false,false,50,50
control,01,15,user0011,user0012,13,0,K,M,C,C,100,63,false,false,82,115
control,01,16,user0011,user0012,25,3,Y,M,I,C,100,64,false,false,50,-19
control,01,17,user0011,user0012,7,27,Y,Y,I,I,100,39,false,false,50,50
control,01,18,user0011,user0012,19,5,Y,Y,I,I,100,29,false,false,50,50
control,01,19,user0011,user0012,5,19,K,M,C,C,100,61,false,false,115,100
control,01,20,user0011,user0012,23,16,Y,K,I,C,100,63,false,false,50,-122
control,01,21,user0011,user0012,24,10,Y,Y,I,I,37,68,false,false,50,50
control,01,22,user0011,user0012,10,24,Y,Y,I,I,82,22,false,false,50,50
control,01,23,user0011,user0012,29,11,L,K,C,C,25,77,false,false,88,107
control,01,24,user0011,user0012,1,6,M,M,C,C,100,60,false,false,122,122
control,01,25,user0011,user0012,27,7,Y,Y,I,I,99,22,false,false,50,50
control,01,26,user0011,user0012,16,23,Y,Y,I,I,100,32,false,false,50,50
control,01,27,user0011,user0012,2,20,Y,Y,I,I,100,23,false,false,50,50
control,01,28,user0011,user0012,26,22,L,K,C,C,100,66,false,false,96,88
control,01,29,user0011,user0012,28,17,M,K,C,C,100,67,false,false,82,114
control,01,30,user0011,user0012,21,9,M,M,C,C,100,82,false,false,96,72
control,01,1,user0013,user0014,0,13,K,L,C,C,94,76,false,false,130,106
control,01,2,user0013,user0014,20,2,L,Y,C,I,74,29,false,false,-170,50
control,01,3,user0013,user0014,15,4,Y,Y,I,I,78,2,false,false,50,50
control,01,4,user0013,user0014,3,25,L,Y,C,I,83,6,false,false,11,50
control,01,5,user0013,user0014,12,8,M,L,C,C,85,89,false,false,114,82
control,01,6,user0013,user0014,9,21,M,Y,C,I,75,7,false,false,17,50
control,01,7,user0013,user0014,18,14,M,Y,C,I,78,3,false,false,-85,50
control,01,8,user0013,user0014,22,26,L,Y,C,I,76,6,false,false,-150,50
control,01,9,user0013,user0014,8,12,L,M,C,C,78,96,false,false,82,114
control,01,10,user0013,user0014,4,15,Y,Y,I,I,82,2,false,false,50,50
control,01,11,user0013,user0014,14,18,K,K,C,C,89,8,false,false,100,106
control,01,12,user0013,user0014,11,29,K,M,C,C,1,92,false,false,107,100
control,01,13,user0013,user0014,17,28,Y,K,I,C,80,6,false,false,50,-270
control,01,14,user0013,user0014,13,0,M,K,C,C,78,89,false,false,95,130
control,01,15,user0013,user0014,25,3,Y,M,I,C,84,7,false,false,50,-19
control,01,16,user0013,user0014,7,27,Y,L,I,C,82,6,false,false,50,-300
control,01,17,user0013,user0014,19,5,L,Y,C,I,100,7,false,false,-65,50
control,01,18,user0013,user0014,5,19,K,K,C,C,100,96,false,false,115,72
control,01,19,user0013,user0014,23,16,M,M,C,C,89,93,false,false,82,96
control,01,20,user0013,user0014,24,10,L,L,C,C,86,95,false,false,100,105
control,01,21,user0013,user0014,10,24,Y,K,I,C,94,97,false,false,50,-40
control,01,22,user0013,user0014,29,11,L,M,C,C,81,91,false,false,88,96
control,01,23,user0013,user0014,1,6,M,K,C,C,93,97,false,false,122,96
control,01,24,user0013,user0014,27,7,Y,K,I,C,94,94,false,false,50,-46
control,01,25,user0013,user0014,16,23,M,M,C,C,87,90,false,false,96,82
control,01,26,user0013,user0014,2,20,L,L,C,C,84,90,false,false,114,105
control,01,27,user0013,user0014,26,22,L,K,C,C,82,94,false,false,96,88
control,01,28,user0013,user0014,28,17,Y,K,I,C,90,91,false,false,50,-142
control,01,29,user0013,user0014,21,9,M,M,C,C,96,93,false,false,96,72
control,01,30,user0013,user0014,6,1,M,K,C,C,91,95,false,false,122,96
control,02,1,user0023,user0024,6,1,M,M,C,C,63,92,false,false,122,122
control,02,2,user0023,user0024,0,13,K,L,C,C,71,94,false,false,130,106
control,02,3,user0023,user0024,20,2,K,L,C,C,2,97,false,false,130,114
control,02,4,user0023,user0024,15,4,M,K,C,C,31,100,false,false,130,100
control,02,5,user0023,user0024,3,25,M,K,C,C,66,82,false,false,106,130
control,02,6,user0023,user0024,12,8,M,K,C,C,6,100,false,false,114,95
control,02,7,user0023,user0024,9,21,L,K,C,C,4,62,false,false,100,122
control,02,8,user0023,user0024,18,14,K,K,C,C,11,84,false,false,106,100
control,02,9,user0023,user0024,22,26,M,K,C,C,0,74,false,false,114,107
control,02,10,user0023,user0024,8,12,M,K,C,C,31,50,false,false,106,88
control,02,11,user0023,user0024,4,15,K,L,C,C,78,50,false,false,100,115
control,02,12,user0023,user0024,14,18,K,L,C,C,67,78,false,false,100,82
control,02,13,user0023,user0024,11,29,L,K,C,C,14,50,false,false,122,72
control,02,14,user0023,user0024,17,28,Y,K,I,C,33,70,false,false,50,-270
control,02,15,user0023,user0024,13,0,L,K,C,C,2,87,false,false,106,130
control,02,16,user0023,user0024,25,3,K,M,C,C,0,74,false,false,130,106
control,02,17,user0023,user0024,7,27,K,K,C,C,19,31,false,false,114,100
control,02,18,user0023,user0024,19,5,M,L,C,C,10,94,false,false,100,130
control,02,19,user0023,user0024,5,19,L,M,C,C,0,92,false,false,130,100
control,02,20,user0023,user0024,23,16,L,L,C,C,30,50,false,false,106,122
control,02,21,user0023,user0024,24,10,L,K,C,C,8,43,false,false,100,130
control,02,22,user0023,user0024,10,24,K,K,C,C,6,39,false,false,130,72
control,02,23,user0023,user0024,29,11,M,L,C,C,25,42,false,false,100,122
control,02,24,user0023,user0024,1,6,M,M,C,C,11,44,false,false,122,122
control,02,25,user0023,user0024,27,7,L,K,C,C,10,82,false,false,114,114
control,02,26,user0023,user0024,16,23,L,L,C,C,0,31,false,false,122,106
control,02,27,user0023,user0024,2,20,L,M,C,C,2,34,false,false,114,115
control,02,28,user0023,user0024,26,22,M,L,C,C,1,35,false,false,122,100
control,02,29,user0023,user0024,28,17,K,L,C,C,35,59,false,false,106,100
control,02,30,user0023,user0024,21,9,K,L,C,C,0,79,false,false,122,100
control,02,1,user0025,user0026,0,13,K,K,C,C,50,94,false,false,130,82
control,02,2,user0025,user0026,20,2,Y,Y,I,I,50,53,false,false,50,50
control,02,3,user0025,user0026,15,4,Y,Y,I,I,50,0,false,false,50,50
control,02,4,user0025,user0026,3,25,M,Y,C,I,50,51,false,false,-19,50
control,02,5,user0025,user0026,12,8,Y,L,I,C,50,31,false,false,50,2
control,02,6,user0025,user0026,9,21,L,Y,C,I,50,0,false,false,-25,50
control,02,7,user0025,user0026,18,14,Y,Y,I,I,50,37,false,false,50,50
control,02,8,user0025,user0026,22,26,L,L,C,C,50,0,false,false,100,96
control,02,9,user0025,user0026,8,12,M,M,C,C,50,0,false,false,106,114
control,02,10,user0025,user0026,4,15,L,Y,C,I,50,8,false,false,4,50
control,02,11,user0025,user0026,14,18,K,Y,C,I,50,9,false,false,-68,50
control,02,12,user0025,user0026,11,29,Y,Y,I,I,50,50,false,false,50,50
control,02,13,user0025,user0026,17,28,Y,Y,I,I,50,6,false,false,50,50
control,02,14,user0025,user0026,13,0,M,Y,C,I,50,3,false,false,-55,50
control,02,15,user0025,user0026,25,3,L,L,C,C,50,54,false,false,105,82
control,02,16,user0025,user0026,7,27,M,Y,C,I,50,0,false,false,-25,50
control,02,17,user0025,user0026,19,5,K,Y,C,I,71,15,false,false,-16,50
control,02,18,user0025,user0026,5,19,M,Y,C,I,65,17,false,false,-33,50
control,02,19,user0025,user0026,23,16,Y,Y,I,I,75,0,false,false,50,50
control,02,20,user0025,user0026,24,10,K,Y,C,I,80,0,false,false,-40,50
control,02,21,user0025,user0026,10,24,L,Y,C,I,54,0,false,false,-80,50
control,02,22,user0025,user0026,29,11,Y,Y,I,I,56,50,false,false,50,50
control,02,23,user0025,user0026,1,6,K,K,C,C,74,74,false,false,96,96
control,02,24,user0025,user0026,27,7,Y,Y,I,I,71,14,false,false,50,50
control,02,25,user0025,user0026,16,23,Y,Y,I,I,73,1,false,false,50,50
control,02,26,user0025,user0026,2,20,L,Y,C,I,50,0,false,false,-28,50
control,02,27,user0025,user0026,26,22,Y,Y,I,I,56,3,false,false,50,50
control,02,28,user0025,user0026,28,17,K,Y,C,I,60,70,false,false,-270,50
control,02,29,user0025,user0026,21,9,Y,L,I,C,67,96,false,false,50,-25
control,02,30,user0025,user0026,6,1,M,Y,C,I,68,3,false,false,-60,50
control,03,1,user0027,user0028,6,1,K,K,C,C,66,74,false,false,96,96
control,03,2,user0027,user0028,0,13,K,L,C,C,99,79,false,false,130,106
control,03,3,user0027,user0028,20,2,Y,L,I,C,0,93,false,false,50,-28
control,03,4,user0027,user0028,15,4,Y,M,I,C,1,69,false,false,50,23
control,03,5,user0027,user0028,3,25,L,Y,C,I,100,89,false,false,11,50
control,03,6,user0027,user0028,12,8,K,Y,C,I,36,68,false,false,-40,50
control,03,7,user0027,user0028,9,21,K,Y,C,I,68,38,false,false,-7,50
control,03,8,user0027,user0028,18,14,Y,L,I,C,0,73,false,false,50,-2
control,03,9,user0027,user0028,22,26,Y,Y,I,I,16,31,false,false,50,50
control,03,10,user0027,user0028,8,12,L,Y,C,I,100,33,false,false,2,50
control,03,11,user0027,user0028,4,15,Y,Y,I,I,1,28,false,false,50,50
control,03,12,user0027,user0028,14,18,L,Y,C,I,33,36,false,false,-2,50
control,03,13,user0027,user0028,11,29,Y,Y,I,I,13,26,false,false,50,50
control,03,14,user0027,user0028,17,28,Y,Y,I,I,35,18,false,false,50,50
control,03,15,user0027,user0028,13,0,K,L,C,C,95,42,false,false,82,105
control,03,16,user0027,user0028,25,3,Y,Y,I,I,0,62,false,false,50,50
control,03,17,user0027,user0028,7,27,L,Y,C,I,100,37,false,false,-8,50
control,03,18,user0027,user0028,19,5,K,Y,C,I,88,31,false,false,-16,50
control,03,19,user0027,user0028,5,19,M,K,C,C,94,59,false,false,105,72
control,03,20,user0027,user0028,23,16,Y,Y,I,I,0,29,false,false,50,50
control,03,21,user0027,user0028,24,10,Y,Y,I,I,20,30,false,false,50,50
control,03,22,user0027,user0028,10,24,Y,Y,I,I,41,34,false,false,50,50
control,03,23,user0027,user0028,29,11,Y,Y,I,I,0,31,false,false,50,50
control,03,24,user0027,user0028,1,6,K,K,C,C,87,65,false,false,96,96
control,03,25,user0027,user0028,27,7,Y,Y,I,I,22,67,false,false,50,50
control,03,26,user0027,user0028,16,23,Y,Y,I,I,21,29,false,false,50,50
control,03,27,user0027,user0028,2,20,M,Y,C,I,100,32,false,false,-11,50
control,03,28,user0027,user0028,26,22,,Y,undefined,I,0,38,false,false,,
control,03,29,user0027,user0028,28,17,Y,Y,I,I,0,28,false,false,50,50
control,03,30,user0027,user0028,21,9,Y,Y,I,I,17,62,false,false,50,50
control,03,1,user0029,user0030,0,13,M,L,C,C,100,82,false,false,115,106
control,03,2,user0029,user0030,20,2,Y,L,I,C,81,70,false,false,50,-28
control,03,3,user0029,user0030,15,4,M,K,C,C,88,74,false,false,130,100
control,03,4,user0029,user0030,3,25,M,Y,C,I,86,80,false,false,-19,50
control,03,5,user0029,user0030,12,8,M,K,C,C,100,79,false,false,114,95
control,03,6,user0029,user0030,9,21,L,K,C,C,100,83,false,false,100,122
control,03,7,user0029,user0030,18,14,K,K,C,C,100,79,false,false,106,100
control,03,8,user0029,user0030,22,26,M,M,C,C,100,71,false,false,114,122
control,03,9,user0029,user0030,8,12,M,M,C,C,100,69,false,false,106,114
control,03,10,user0029,user0030,4,15,K,M,C,C,100,75,false,false,100,130
control,03,11,user0029,user0030,14,18,K,K,C,C,100,71,false,false,100,106
control,03,12,user0029,user0030,11,29,L,M,C,C,99,71,false,false,122,100
control,03,13,user0029,user0030,17,28,K,K,C,C,100,83,false,false,114,106
control,03,14,user0029,user0030,13,0,L,K,C,C,100,76,false,false,106,130
control,03,15,user0029,user0030,25,3,K,M,C,C,100,65,false,false,130,106
control,03,16,user0029,user0030,7,27,K,L,C,C,100,66,false,false,114,114
control,03,17,user0029,user0030,19,5,K,L,C,C,100,70,false,false,72,130
control,03,18,user0029,user0030,5,19,L,M,C,C,100,70,false,false,130,100
control,03,19,user0029,user0030,23,16,L,L,C,C,100,78,false,false,106,122
control,03,20,user0029,user0030,24,10,L,K,C,C,100,54,false,false,100,130
control,03,21,user0029,user0030,10,24,K,L,C,C,100,64,false,false,130,100
control,03,22,user0029,user0030,29,11,M,L,C,C,100,66,false,false,100,122
control,03,23,user0029,user0030,1,6,M,M,C,C,100,70,false,false,122,122
control,03,24,user0029,user0030,27,7,L,K,C,C,100,68,false,false,114,114
control,03,25,user0029,user0030,16,23,L,L,C,C,100,62,false,false,122,106
control,03,26,user0029,user0030,2,20,L,M,C,C,100,74,false,false,114,115
control,03,27,user0029,user0030,26,22,K,M,C,C,100,70,false,false,107,114
control,03,28,user0029,user0030,28,17,K,K,C,C,100,81,false,false,106,114
control,03,29,user0029,user0030,21,9,K,L,C,C,100,68,false,false,122,100
control,03,30,user0029,user0030,6,1,M,M,C,C,100,64,false,false,122,122
control,04,1,user0035,user0036,6,1,K,L,C,C,83,80,false,false,96,107
control,04,2,user0035,user0036,0,13,K,M,C,C,100,81,false,false,130,95
control,04,3,user0035,user0036,20,2,L,L,C,C,100,81,false,false,105,114
control,04,4,user0035,user0036,15,4,K,K,C,C,100,82,false,false,105,100
control,04,5,user0035,user0036,3,25,K,K,C,C,100,82,false,false,95,130
control,04,6,user0035,user0036,12,8,M,M,C,C,100,80,false,false,114,106
control,04,7,user0035,user0036,9,21,L,K,C,C,100,82,false,false,100,122
control,04,8,user0035,user0036,18,14,K,K,C,C,100,81,false,false,106,100
control,04,9,user0035,user0036,22,26,M,M,C,C,100,81,false,false,114,122
control,04,10,user0035,user0036,8,12,M,M,C,C,100,82,false,false,106,114
control,04,11,user0035,user0036,4,15,K,M,C,C,99,80,false,false,100,130
control,04,12,user0035,user0036,14,18,K,K,C,C,100,80,false,false,100,106
control,04,13,user0035,user0036,11,29,L,M,C,C,100,81,false,false,122,100
control,04,14,user0035,user0036,17,28,K,K,C,C,100,81,false,false,114,106
control,04,15,user0035,user0036,13,0,L,K,C,C,100,88,false,false,106,130
control,04,16,user0035,user0036,25,3,K,M,C,C,100,80,false,false,130,106
control,04,17,user0035,user0036,7,27,K,L,C,C,100,81,false,false,114,114
control,04,18,user0035,user0036,19,5,M,L,C,C,100,80,false,false,100,130
control,04,19,user0035,user0036,5,19,L,M,C,C,100,82,false,false,130,100
control,04,20,user0035,user0036,23,16,L,L,C,C,100,80,false,false,106,122
control,04,21,user0035,user0036,24,10,L,K,C,C,100,80,false,false,100,130
control,04,22,user0035,user0036,10,24,K,L,C,C,100,80,false,false,130,100
control,04,23,user0035,user0036,29,11,M,L,C,C,100,79,false,false,100,122
control,04,24,user0035,user0036,1,6,M,M,C,C,100,81,false,false,122,122
control,04,25,user0035,user0036,27,7,L,K,C,C,100,81,false,false,114,114
control,04,26,user0035,user0036,16,23,L,L,C,C,100,80,false,false,122,106
control,04,27,user0035,user0036,2,20,L,K,C,C,100,81,false,false,114,130
control,04,28,user0035,user0036,26,22,M,M,C,C,100,80,false,false,122,114
control,04,29,user0035,user0036,28,17,K,K,C,C,100,82,false,false,106,114
control,04,30,user0035,user0036,21,9,K,L,C,C,100,81,false,false,122,100
control,04,1,user0037,user0038,0,13,K,L,C,C,82,50,false,false,130,106
control,04,2,user0037,user0038,20,2,K,K,C,C,65,77,false,false,130,88
control,04,3,user0037,user0038,15,4,M,Y,C,I,46,8,false,false,-190,50
control,04,4,user0037,user0038,3,25,M,K,C,C,68,84,false,false,106,130
control,04,5,user0037,user0038,12,8,M,L,C,C,67,76,false,false,114,82
control,04,6,user0037,user0038,9,21,M,Y,C,I,51,67,false,false,17,50
control,04,7,user0037,user0038,18,14,K,L,C,C,53,50,false,false,106,72
control,04,8,user0037,user0038,22,26,M,M,C,C,42,50,false,false,114,122
control,04,9,user0037,user0038,8,12,M,M,C,C,55,50,false,false,106,114
control,04,10,user0037,user0038,4,15,K,M,C,C,70,50,false,false,100,130
control,04,11,user0037,user0038,14,18,K,K,C,C,54,50,false,false,100,106
control,04,12,user0037,user0038,11,29,L,M,C,C,55,50,false,false,122,100
control,04,13,user0037,user0038,17,28,K,K,C,C,60,50,false,false,114,106
control,04,14,user0037,user0038,13,0,L,K,C,C,56,50,false,false,106,130
control,04,15,user0037,user0038,25,3,K,M,C,C,59,50,false,false,130,106
control,04,16,user0037,user0038,7,27,K,L,C,C,45,50,false,false,114,114
control,04,17,user0037,user0038,19,5,M,L,C,C,61,64,false,false,100,130
control,04,18,user0037,user0038,5,19,L,M,C,C,55,50,false,false,130,100
control,04,19,user0037,user0038,23,16,L,L,C,C,55,50,false,false,106,122
control,04,20,user0037,user0038,24,10,L,K,C,C,54,50,false,false,100,130
control,04,21,user0037,user0038,10,24,K,L,C,C,66,50,false,false,130,100
control,04,22,user0037,user0038,29,11,M,L,C,C,56,50,false,false,100,122
control,04,23,user0037,user0038,1,6,M,M,C,C,59,50,false,false,122,122
control,04,24,user0037,user0038,27,7,L,K,C,C,71,50,false,false,114,114
control,04,25,user0037,user0038,16,23,L,L,C,C,62,50,false,false,122,106
control,04,26,user0037,user0038,2,20,L,K,C,C,63,50,false,false,114,130
control,04,27,user0037,user0038,26,22,M,M,C,C,55,50,false,false,122,114
control,04,28,user0037,user0038,28,17,K,K,C,C,70,50,false,false,106,114
control,04,29,user0037,user0038,21,9,K,L,C,C,65,50,false,false,122,100
control,04,30,user0037,user0038,6,1,M,M,C,C,65,50,false,false,122,122
control,05,1,user0043,user0044,6,1,M,M,C,C,100,100,false,false,122,122
control,05,2,user0043,user0044,0,13,L,L,C,C,88,100,false,false,105,106
control,05,3,user0043,user0044,20,2,K,L,C,C,95,100,false,false,130,114
control,05,4,user0043,user0044,15,4,K,K,C,C,100,100,false,false,105,100
control,05,5,user0043,user0044,3,25,Y,Y,I,I,100,100,false,false,50,50
control,05,6,user0043,user0044,12,8,L,M,C,C,98,100,false,false,100,106
control,05,7,user0043,user0044,9,21,Y,Y,I,I,100,100,false,false,50,50
control,05,8,user0043,user0044,18,14,K,L,C,C,99,100,false,false,106,72
control,05,9,user0043,user0044,22,26,Y,Y,I,I,99,100,false,false,50,50
control,05,10,user0043,user0044,8,12,M,L,C,C,100,100,false,false,106,100
control,05,11,user0043,user0044,4,15,K,K,C,C,100,100,false,false,100,105
control,05,12,user0043,user0044,14,18,K,M,C,C,100,100,false,false,100,95
control,05,13,user0043,user0044,11,29,K,K,C,C,100,100,false,false,107,72
control,05,14,user0043,user0044,17,28,M,M,C,C,100,100,false,false,88,82
control,05,15,user0043,user0044,13,0,L,K,C,C,100,100,false,false,106,130
control,05,16,user0043,user0044,25,3,Y,Y,I,I,100,100,false,false,50,50
control,05,17,user0043,user0044,7,27,Y,Y,I,I,99,100,false,false,50,50
control,05,18,user0043,user0044,19,5,M,L,C,C,100,100,false,false,100,130
control,05,19,user0043,user0044,5,19,L,M,C,C,100,100,false,false,130,100
control,05,20,user0043,user0044,23,16,L,M,C,C,50,100,false,false,106,96
control,05,21,user0043,user0044,24,10,L,M,C,C,99,100,false,false,100,115
control,05,22,user0043,user0044,10,24,K,M,C,C,100,100,false,false,130,88
control,05,23,user0043,user0044,29,11,M,L,C,C,97,100,false,false,100,122
control,05,24,user0043,user0044,1,6,M,M,C,C,100,100,false,false,122,122
control,05,25,user0043,user0044,27,7,Y,Y,I,I,100,100,false,false,50,50
control,05,26,user0043,user0044,16,23,L,M,C,C,100,100,false,false,122,82
control,05,27,user0043,user0044,2,20,Y,Y,I,I,100,100,false,false,50,50
control,05,28,user0043,user0044,26,22,M,K,C,C,100,100,false,false,122,88
control,05,29,user0043,user0044,28,17,K,L,C,C,100,100,false,false,106,100
control,05,30,user0043,user0044,21,9,K,L,C,C,100,100,false,false,122,100
control,05,1,user0045,user0046,0,13,L,L,C,C,55,60,false,false,105,106
control,05,2,user0045,user0046,20,2,L,L,C,C,63,46,false,false,105,114
control,05,3,user0045,user0046,15,4,M,M,C,C,60,28,false,false,130,72
control,05,4,user0045,user0046,3,25,M,M,C,C,57,41,false,false,106,115
control,05,5,user0045,user0046,12,8,M,M,C,C,61,63,false,false,114,106
control,05,6,user0045,user0046,9,21,L,Y,C,I,65,39,false,false,-25,50
control,05,7,user0045,user0046,18,14,K,K,C,C,57,39,false,false,106,100
control,05,8,user0045,user0046,22,26,K,Y,C,I,55,30,false,false,-102,50
control,05,9,user0045,user0046,8,12,L,L,C,C,78,91,false,false,82,100
control,05,10,user0045,user0046,4,15,Y,Y,I,I,63,37,false,false,50,50
control,05,11,user0045,user0046,14,18,L,L,C,C,50,60,false,false,72,82
control,05,12,user0045,user0046,11,29,Y,Y,I,I,67,100,false,false,50,50
control,05,13,user0045,user0046,17,28,M,K,C,C,50,50,false,false,88,106
control,05,14,user0045,user0046,13,0,K,K,C,C,61,79,false,false,82,130
control,05,15,user0045,user0046,25,3,Y,L,I,C,64,70,false,false,50,11
control,05,16,user0045,user0046,7,27,Y,Y,I,I,59,31,false,false,50,50
control,05,17,user0045,user0046,19,5,K,L,C,C,66,64,false,false,72,130
control,05,18,user0045,user0046,5,19,M,M,C,C,58,63,false,false,105,100
control,05,19,user0045,user0046,23,16,Y,Y,I,I,65,31,false,false,50,50
control,05,20,user0045,user0046,24,10,K,K,C,C,56,16,false,false,72,130
control,05,21,user0045,user0046,10,24,Y,Y,I,I,62,68,false,false,50,50
control,05,22,user0045,user0046,29,11,K,M,C,C,43,83,false,false,72,96
control,05,23,user0045,user0046,1,6,K,L,C,C,62,42,false,false,96,107
control,05,24,user0045,user0046,27,7,Y,Y,I,I,66,31,false,false,50,50
control,05,25,user0045,user0046,16,23,L,M,C,C,69,28,false,false,122,82
control,05,26,user0045,user0046,2,20,Y,Y,I,I,53,80,false,false,50,50
control,05,27,user0045,user0046,26,22,Y,Y,I,I,61,86,false,false,50,50
control,05,28,user0045,user0046,28,17,M,M,C,C,57,63,false,false,82,88
control,05,29,user0045,user0046,21,9,Y,Y,I,I,63,98,false,false,50,50
control,05,30,user0045,user0046,6,1,L,M,C,C,64,100,false,false,107,122
control,06,1,user0051,user0052,6,1,M,L,C,C,75,67,false,false,122,107
control,06,2,user0051,user0052,0,13,Y,K,I,C,20,72,false,false,50,-25
control,06,3,user0051,user0052,20,2,K,K,C,C,79,64,false,false,130,88
control,06,4,user0051,user0052,15,4,M,M,C,C,81,63,false,false,130,72
control,06,5,user0051,user0052,3,25,Y,Y,I,I,27,40,false,false,50,50
control,06,6,user0051,user0052,12,8,L,L,C,C,81,80,false,false,100,82
control,06,7,user0051,user0052,9,21,Y,Y,I,I,25,89,false,false,50,50
control,06,8,user0051,user0052,18,14,Y,Y,I,I,25,31,false,false,50,50
control,06,9,user0051,user0052,22,26,Y,Y,I,I,16,41,false,false,50,50
control,06,10,user0051,user0052,8,12,M,L,C,C,76,73,false,false,106,100
control,06,11,user0051,user0052,4,15,Y,L,I,C,23,42,false,false,50,-145
control,06,12,user0051,user0052,14,18,Y,Y,I,I,15,81,false,false,50,50
control,06,13,user0051,user0052,11,29,L,L,C,C,87,69,false,false,122,88
control,06,14,user0051,user0052,17,28,Y,Y,I,I,19,78,false,false,50,50
control,06,15,user0051,user0052,13,0,L,K,C,C,77,71,false,false,106,130
control,06,16,user0051,user0052,25,3,L,M,C,C,76,76,false,false,105,106
control,06,17,user0051,user0052,7,27,M,L,C,C,78,87,false,false,100,114
control,06,18,user0051,user0052,19,5,M,L,C,C,74,85,false,false,100,130
control,06,19,user0051,user0052,5,19,M,M,C,C,77,83,false,false,105,100
control,06,20,user0051,user0052,23,16,Y,Y,I,I,27,81,false,false,50,50
control,06,21,user0051,user0052,24,10,L,K,C,C,80,86,false,false,100,130
control,06,22,user0051,user0052,10,24,K,L,C,C,75,86,false,false,130,100
control,06,23,user0051,user0052,29,11,Y,Y,I,I,22,85,false,false,50,50
control,06,24,user0051,user0052,1,6,M,M,C,C,77,81,false,false,122,122
control,06,25,user0051,user0052,27,7,Y,Y,I,I,15,85,false,false,50,50
control,06,26,user0051,user0052,16,23,,Y,undefined,I,28,40,false,false,,
control,06,27,user0051,user0052,2,20,L,K,C,C,79,75,false,false,114,130
control,06,28,user0051,user0052,26,22,Y,Y,I,I,26,85,false,false,50,50
control,06,29,user0051,user0052,28,17,Y,Y,I,I,79,78,false,false,50,50
control,06,30,user0051,user0052,21,9,K,L,C,C,88,95,false,false,122,100
control,06,1,user0053,user0054,0,13,M,L,C,C,81,82,false,false,115,106
control,06,2,user0053,user0054,20,2,K,L,C,C,74,89,false,false,130,114
control,06,3,user0053,user0054,15,4,K,K,C,C,88,83,false,false,105,100
control,06,4,user0053,user0054,3,25,Y,Y,I,I,82,13,false,false,50,50
control,06,5,user0053,user0054,12,8,L,M,C,C,72,77,false,false,100,106
control,06,6,user0053,user0054,9,21,L,K,C,C,86,89,false,false,100,122
control,06,7,user0053,user0054,18,14,L,K,C,C,88,84,false,false,82,100
control,06,8,user0053,user0054,22,26,Y,Y,I,I,15,12,false,false,50,50
control,06,9,user0053,user0054,8,12,K,M,C,C,85,88,false,false,95,114
control,06,10,user0053,user0054,4,15,K,Y,C,I,91,15,false,false,-9,50
control,06,11,user0053,user0054,14,18,L,M,C,C,74,81,false,false,72,95
control,06,12,user0053,user0054,11,29,Y,Y,I,I,20,9,false,false,50,50
control,06,13,user0053,user0054,17,28,L,Y,C,I,74,14,false,false,-100,50
control,06,14,user0053,user0054,13,0,K,L,C,C,84,83,false,false,82,105
control,06,15,user0053,user0054,25,3,Y,Y,I,I,15,13,false,false,50,50
control,06,16,user0053,user0054,7,27,M,Y,C,I,76,76,false,false,-25,50
control,06,17,user0053,user0054,19,5,M,L,C,C,83,85,false,false,100,130
control,06,18,user0053,user0054,5,19,K,M,C,C,85,85,false,false,115,100
control,06,19,user0053,user0054,23,16,Y,Y,I,I,18,15,false,false,50,50
control,06,20,user0053,user0054,24,10,M,Y,C,I,79,14,false,false,-105,50
control,06,21,user0053,user0054,10,24,K,K,C,C,93,86,false,false,130,72
control,06,22,user0053,user0054,29,11,K,Y,C,I,92,15,false,false,-75,50
control,06,23,user0053,user0054,1,6,M,M,C,C,89,87,false,false,122,122
control,06,24,user0053,user0054,27,7,L,K,C,C,89,88,false,false,114,114
control,06,25,user0053,user0054,16,23,Y,Y,I,I,16,13,false,false,50,50
control,06,26,user0053,user0054,2,20,M,Y,C,I,89,8,false,false,-11,50
control,06,27,user0053,user0054,26,22,L,Y,C,I,88,13,false,false,-205,50
control,06,28,user0053,user0054,28,17,Y,Y,I,I,12,12,false,false,50,50
control,06,29,user0053,user0054,21,9,M,L,C,C,85,91,false,false,96,100
control,06,30,user0053,user0054,6,1,M,M,C,C,87,100,false,false,122,122
treatment,01,1,user0015,user0016,6,1,M,M,C,C,86,88,true,true,122,122
treatment,01,2,user0015,user0016,0,13,K,L,C,C,92,78,true,false,130,106
treatment,01,3,user0015,user0016,20,2,K,L,C,C,93,87,true,false,130,114
treatment,01,4,user0015,user0016,15,4,M,K,C,C,93,83,false,true,130,100
treatment,01,5,user0015,user0016,3,25,M,K,C,C,92,83,false,false,106,130
treatment,01,6,user0015,user0016,12,8,M,M,C,C,94,83,false,true,114,106
treatment,01,7,user0015,user0016,9,21,L,K,C,C,98,84,false,false,100,122
treatment,01,8,user0015,user0016,18,14,K,K,C,C,95,92,false,false,106,100
treatment,01,9,user0015,user0016,22,26,M,M,C,C,100,94,false,false,114,122
treatment,01,10,user0015,user0016,8,12,M,M,C,C,98,86,false,false,106,114
treatment,01,11,user0015,user0016,4,15,K,M,C,C,99,87,false,false,100,130
treatment,01,12,user0015,user0016,14,18,K,K,C,C,99,88,false,false,100,106
treatment,01,13,user0015,user0016,11,29,L,M,C,C,99,88,false,false,122,100
treatment,01,14,user0015,user0016,17,28,K,K,C,C,99,93,false,false,114,106
treatment,01,15,user0015,user0016,13,0,L,K,C,C,99,87,false,false,106,130
treatment,01,16,user0015,user0016,25,3,K,M,C,C,99,86,false,true,130,106
treatment,01,17,user0015,user0016,7,27,K,L,C,C,97,83,false,false,114,114
treatment,01,18,user0015,user0016,19,5,M,L,C,C,100,91,false,false,100,130
treatment,01,19,user0015,user0016,5,19,L,M,C,C,98,84,false,false,130,100
treatment,01,20,user0015,user0016,23,16,L,L,C,C,96,85,false,false,106,122
treatment,01,21,user0015,user0016,24,10,L,K,C,C,96,92,false,false,100,130
treatment,01,22,user0015,user0016,10,24,K,L,C,C,97,86,false,false,130,100
treatment,01,23,user0015,user0016,29,11,M,L,C,C,99,91,false,false,100,122
treatment,01,24,user0015,user0016,1,6,M,M,C,C,99,96,false,false,122,122
treatment,01,25,user0015,user0016,27,7,L,K,C,C,99,83,true,false,114,114
treatment,01,26,user0015,user0016,16,23,L,L,C,C,97,91,false,false,122,106
treatment,01,27,user0015,user0016,2,20,L,K,C,C,98,92,false,false,114,130
treatment,01,28,user0015,user0016,26,22,M,M,C,C,97,88,false,false,122,114
treatment,01,29,user0015,user0016,28,17,K,K,C,C,98,87,false,false,106,114
treatment,01,30,user0015,user0016,21,9,K,L,C,C,99,95,false,false,122,100
treatment,01,1,user0017,user0018,0,13,L,K,C,C,91,83,true,false,105,82
treatment,01,2,user0017,user0018,20,2,L,K,C,C,84,82,true,false,105,88
treatment,01,3,user0017,user0018,15,4,K,K,C,C,90,83,true,true,105,100
treatment,01,4,user0017,user0018,3,25,L,K,C,C,82,87,true,false,82,130
treatment,01,5,user0017,user0018,12,8,L,K,C,C,90,87,true,false,100,95
treatment,01,6,user0017,user0018,9,21,M,K,C,C,85,89,true,false,72,122
treatment,01,7,user0017,user0018,18,14,L,K,C,C,90,90,true,false,82,100
treatment,01,8,user0017,user0018,22,26,K,K,C,C,89,92,true,false,88,107
treatment,01,9,user0017,user0018,8,12,K,K,C,C,76,91,true,false,95,88
treatment,01,10,user0017,user0018,4,15,K,K,C,C,88,95,true,false,100,105
treatment,01,11,user0017,user0018,14,18,K,K,C,C,85,95,true,false,100,106
treatment,01,12,user0017,user0018,11,29,L,K,C,C,90,97,true,false,122,72
treatment,01,13,user0017,user0018,17,28,L,K,C,C,89,98,true,false,100,106
treatment,01,14,user0017,user0018,13,0,M,K,C,C,85,99,true,false,95,130
treatment,01,15,user0017,user0018,25,3,L,K,C,C,97,97,true,false,105,95
treatment,01,16,user0017,user0018,7,27,M,K,C,C,98,99,true,false,100,100
treatment,01,17,user0017,user0018,19,5,K,K,C,C,90,100,true,false,72,115
treatment,01,18,user0017,user0018,5,19,K,K,C,C,97,87,true,false,115,72
treatment,01,19,user0017,user0018,23,16,K,K,C,C,94,94,true,false,95,107
treatment,01,20,user0017,user0018,24,10,L,K,C,C,93,95,true,false,100,130
treatment,01,21,user0017,user0018,10,24,M,K,C,C,91,98,true,false,115,72
treatment,01,22,user0017,user0018,29,11,L,K,C,C,91,97,true,false,88,107
treatment,01,23,user0017,user0018,1,6,M,K,C,C,98,96,true,false,122,96
treatment,01,24,user0017,user0018,27,7,K,K,C,C,91,98,true,false,100,114
treatment,01,25,user0017,user0018,16,23,M,L,C,C,87,99,true,false,96,106
treatment,01,26,user0017,user0018,2,20,L,K,C,C,97,98,true,false,114,130
treatment,01,27,user0017,user0018,26,22,L,M,C,C,93,100,true,false,96,114
treatment,01,28,user0017,user0018,28,17,L,K,C,C,100,99,true,false,95,114
treatment,01,29,user0017,user0018,21,9,L,L,C,C,98,100,true,false,107,100
treatment,01,30,user0017,user0018,6,1,M,M,C,C,99,100,true,false,122,122
treatment,02,1,user0019,user0020,6,1,M,M,C,C,100,71,true,false,122,122
treatment,02,2,user0019,user0020,0,13,K,L,C,C,100,66,true,false,130,106
treatment,02,3,user0019,user0020,20,2,K,L,C,C,100,73,false,false,130,114
treatment,02,4,user0019,user0020,15,4,K,K,C,C,97,65,false,false,105,100
treatment,02,5,user0019,user0020,3,25,M,K,C,C,88,61,false,false,106,130
treatment,02,6,user0019,user0020,12,8,M,M,C,C,94,68,false,false,114,106
treatment,02,7,user0019,user0020,9,21,L,M,C,C,95,56,false,false,100,96
treatment,02,8,user0019,user0020,18,14,K,K,C,C,98,67,false,false,106,100
treatment,02,9,user0019,user0020,22,26,M,L,C,C,98,63,false,false,114,96
treatment,02,10,user0019,user0020,8,12,M,M,C,C,99,61,false,false,106,114
treatment,02,11,user0019,user0020,4,15,K,M,C,C,99,57,false,false,100,130
treatment,02,12,user0019,user0020,14,18,K,K,C,C,100,59,false,false,100,106
treatment,02,13,user0019,user0020,11,29,K,M,C,C,100,60,false,false,107,100
treatment,02,14,user0019,user0020,17,28,K,K,C,C,99,57,false,false,114,106
treatment,02,15,user0019,user0020,13,0,L,K,C,C,99,57,true,false,106,130
treatment,02,16,user0019,user0020,25,3,K,M,C,C,99,58,false,false,130,106
treatment,02,17,user0019,user0020,7,27,K,L,C,C,96,55,false,false,114,114
treatment,02,18,user0019,user0020,19,5,M,M,C,C,100,63,false,false,100,105
treatment,02,19,user0019,user0020,5,19,L,K,C,C,100,57,false,false,130,72
treatment,02,20,user0019,user0020,23,16,L,L,C,C,98,62,false,false,106,122
treatment,02,21,user0019,user0020,24,10,L,K,C,C,100,60,false,false,100,130
treatment,02,22,user0019,user0020,10,24,K,L,C,C,99,61,false,false,130,100
treatment,02,23,user0019,user0020,29,11,M,L,C,C,99,62,false,false,100,122
treatment,02,24,user0019,user0020,1,6,M,M,C,C,99,54,false,false,122,122
treatment,02,25,user0019,user0020,27,7,L,K,C,C,99,58,false,false,114,114
treatment,02,26,user0019,user0020,16,23,L,L,C,C,100,55,false,false,122,106
treatment,02,27,user0019,user0020,2,20,L,K,C,C,100,55,false,false,114,130
treatment,02,28,user0019,user0020,26,22,M,M,C,C,100,59,false,false,122,114
treatment,02,29,user0019,user0020,28,17,K,K,C,C,100,63,false,false,106,114
treatment,02,30,user0019,user0020,21,9,K,L,C,C,100,55,false,false,122,100
treatment,02,1,user0021,user0022,0,13,K,L,C,C,97,69,false,false,130,106
treatment,02,2,user0021,user0022,20,2,K,L,C,C,97,59,false,false,130,114
treatment,02,3,user0021,user0022,15,4,M,K,C,C,95,63,false,false,130,100
treatment,02,4,user0021,user0022,3,25,M,K,C,C,95,64,false,false,106,130
treatment,02,5,user0021,user0022,12,8,M,M,C,C,96,58,false,false,114,106
treatment,02,6,user0021,user0022,9,21,L,K,C,C,96,64,false,false,100,122
treatment,02,7,user0021,user0022,18,14,K,K,C,C,94,61,false,false,106,100
treatment,02,8,user0021,user0022,22,26,M,M,C,C,95,67,false,false,114,122
treatment,02,9,user0021,user0022,8,12,M,M,C,C,96,67,false,false,106,114
treatment,02,10,user0021,user0022,4,15,K,M,C,C,96,70,false,false,100,130
treatment,02,11,user0021,user0022,14,18,K,K,C,C,94,69,false,false,100,106
treatment,02,12,user0021,user0022,11,29,L,M,C,C,96,67,false,false,122,100
treatment,02,13,user0021,user0022,17,28,K,K,C,C,96,63,false,false,114,106
treatment,02,14,user0021,user0022,13,0,L,K,C,C,95,60,false,false,106,130
treatment,02,15,user0021,user0022,25,3,K,M,C,C,97,62,false,false,130,106
treatment,02,16,user0021,user0022,7,27,K,L,C,C,97,67,false,false,114,114
treatment,02,17,user0021,user0022,19,5,M,L,C,C,98,62,false,false,100,130
treatment,02,18,user0021,user0022,5,19,L,M,C,C,97,68,false,false,130,100
treatment,02,19,user0021,user0022,23,16,L,L,C,C,96,62,false,false,106,122
treatment,02,20,user0021,user0022,24,10,L,K,C,C,90,65,false,false,100,130
treatment,02,21,user0021,user0022,10,24,K,L,C,C,98,67,false,false,130,100
treatment,02,22,user0021,user0022,29,11,M,L,C,C,94,65,false,false,100,122
treatment,02,23,user0021,user0022,1,6,M,M,C,C,94,67,false,false,122,122
treatment,02,24,user0021,user0022,27,7,L,K,C,C,91,65,false,false,114,114
treatment,02,25,user0021,user0022,16,23,L,L,C,C,95,63,false,false,122,106
treatment,02,26,user0021,user0022,2,20,L,K,C,C,92,67,false,false,114,130
treatment,02,27,user0021,user0022,26,22,M,M,C,C,95,63,false,true,122,114
treatment,02,28,user0021,user0022,28,17,K,K,C,C,93,61,false,false,106,114
treatment,02,29,user0021,user0022,21,9,K,L,C,C,94,67,false,false,122,100
treatment,02,30,user0021,user0022,6,1,M,M,C,C,96,68,false,false,122,122
treatment,03,1,user0031,user0032,6,1,K,M,C,C,96,69,false,false,96,122
treatment,03,2,user0031,user0032,0,13,L,L,C,C,100,73,false,false,105,106
treatment,03,3,user0031,user0032,20,2,Y,Y,I,I,99,27,false,false,50,50
treatment,03,4,user0031,user0032,15,4,Y,Y,I,I,98,72,false,false,50,50
treatment,03,5,user0031,user0032,3,25,M,Y,C,I,96,50,false,false,-19,50
treatment,03,6,user0031,user0032,12,8,L,L,C,C,98,68,false,false,100,82
treatment,03,7,user0031,user0032,9,21,M,Y,C,I,99,31,false,false,17,50
treatment,03,8,user0031,user0032,18,14,L,L,C,C,99,67,false,false,82,72
treatment,03,9,user0031,user0032,22,26,Y,Y,I,I,99,50,false,false,50,50
treatment,03,10,user0031,user0032,8,12,M,Y,C,I,100,68,false,false,-35,50
treatment,03,11,user0031,user0032,4,15,Y,Y,I,I,100,68,false,false,50,50
treatment,03,12,user0031,user0032,14,18,K,K,C,C,98,39,false,false,100,106
treatment,03,13,user0031,user0032,11,29,Y,Y,I,I,100,71,false,false,50,50
treatment,03,14,user0031,user0032,17,28,Y,Y,I,I,100,66,false,false,50,50
treatment,03,15,user0031,user0032,13,0,K,K,C,C,98,64,false,false,82,130
treatment,03,16,user0031,user0032,25,3,Y,Y,I,I,100,30,false,false,50,50
treatment,03,17,user0031,user0032,7,27,K,Y,C,I,99,64,false,false,-46,50
treatment,03,18,user0031,user0032,19,5,M,M,C,C,99,70,false,false,100,105
treatment,03,19,user0031,user0032,5,19,L,Y,C,I,99,62,false,false,-70,50
treatment,03,20,user0031,user0032,23,16,Y,Y,I,I,99,68,false,false,50,50
treatment,03,21,user0031,user0032,24,10,K,K,C,C,97,78,false,false,72,130
treatment,03,22,user0031,user0032,10,24,Y,Y,I,I,98,23,false,false,50,50
treatment,03,23,user0031,user0032,29,11,L,M,C,C,100,71,false,false,88,96
treatment,03,24,user0031,user0032,1,6,L,L,C,C,97,67,false,false,107,107
treatment,03,25,user0031,user0032,27,7,Y,Y,I,I,100,71,false,false,50,50
treatment,03,26,user0031,user0032,16,23,Y,Y,I,I,98,66,false,false,50,50
treatment,03,27,user0031,user0032,2,20,L,Y,C,I,99,71,false,false,-28,50
treatment,03,28,user0031,user0032,26,22,Y,Y,I,I,99,66,false,false,50,50
treatment,03,29,user0031,user0032,28,17,Y,Y,I,I,100,72,false,false,50,50
treatment,03,30,user0031,user0032,21,9,Y,M,I,C,98,75,false,false,50,17
treatment,03,1,user0033,user0034,0,13,M,L,C,C,100,93,true,true,115,106
treatment,03,2,user0033,user0034,20,2,L,M,C,C,98,93,true,true,105,100
treatment,03,3,user0033,user0034,15,4,M,L,C,C,100,97,true,true,130,88
treatment,03,4,user0033,user0034,3,25,K,K,C,C,98,95,false,false,95,130
treatment,03,5,user0033,user0034,12,8,M,M,C,C,100,97,true,false,114,106
treatment,03,6,user0033,user0034,9,21,L,M,C,C,97,94,true,true,100,96
treatment,03,7,user0033,user0034,18,14,K,L,C,C,99,96,true,false,106,72
treatment,03,8,user0033,user0034,22,26,M,M,C,C,99,98,true,true,114,122
treatment,03,9,user0033,user0034,8,12,M,L,C,C,99,98,true,false,106,100
treatment,03,10,user0033,user0034,4,15,K,K,C,C,99,98,true,false,100,105
treatment,03,11,user0033,user0034,14,18,K,M,C,C,98,98,true,false,100,95
treatment,03,12,user0033,user0034,11,29,L,M,C,C,98,97,true,true,122,100
treatment,03,13,user0033,user0034,17,28,K,K,C,C,99,97,true,false,114,106
treatment,03,14,user0033,user0034,13,0,L,K,C,C,100,97,false,false,106,130
treatment,03,15,user0033,user0034,25,3,K,M,C,C,100,98,true,false,130,106
treatment,03,16,user0033,user0034,7,27,K,M,C,C,99,99,false,false,114,88
treatment,03,17,user0033,user0034,19,5,M,M,C,C,100,99,false,false,100,105
treatment,03,18,user0033,user0034,5,19,L,M,C,C,100,99,false,false,130,100
treatment,03,19,user0033,user0034,23,16,L,L,C,C,100,97,false,false,106,122
treatment,03,20,user0033,user0034,24,10,L,L,C,C,100,96,false,false,100,105
treatment,03,21,user0033,user0034,10,24,K,M,C,C,98,96,false,true,130,88
treatment,03,22,user0033,user0034,29,11,M,L,C,C,100,97,false,false,100,122
treatment,03,23,user0033,user0034,1,6,M,M,C,C,99,97,false,false,122,122
treatment,03,24,user0033,user0034,27,7,L,M,C,C,97,96,false,false,114,100
treatment,03,25,user0033,user0034,16,23,L,L,C,C,99,96,false,false,122,106
treatment,03,26,user0033,user0034,2,20,L,K,C,C,99,96,false,false,114,130
treatment,03,27,user0033,user0034,26,22,M,M,C,C,100,96,false,false,122,114
treatment,03,28,user0033,user0034,28,17,K,L,C,C,99,94,false,false,106,100
treatment,03,29,user0033,user0034,21,9,K,L,C,C,97,97,true,false,122,100
treatment,03,30,user0033,user0034,6,1,M,M,C,C,99,98,true,false,122,122
treatment,04,1,user0039,user0040,6,1,M,M,C,C,100,100,false,false,122,122
treatment,04,2,user0039,user0040,0,13,L,L,C,C,100,100,false,false,105,106
treatment,04,3,user0039,user0040,20,2,L,L,C,C,100,100,false,false,105,114
treatment,04,4,user0039,user0040,15,4,K,K,C,C,100,100,false,false,105,100
treatment,04,5,user0039,user0040,3,25,M,M,C,C,100,100,false,false,106,115
treatment,04,6,user0039,user0040,12,8,M,M,C,C,100,100,false,false,114,106
treatment,04,7,user0039,user0040,9,21,L,L,C,C,100,100,false,false,100,107
treatment,04,8,user0039,user0040,18,14,K,K,C,C,100,100,false,false,106,100
treatment,04,9,user0039,user0040,22,26,M,M,C,C,100,100,false,false,114,122
treatment,04,10,user0039,user0040,8,12,M,M,C,C,100,100,false,false,106,114
treatment,04,11,user0039,user0040,4,15,K,K,C,C,100,100,false,false,100,105
treatment,04,12,user0039,user0040,14,18,K,K,C,C,100,100,false,false,100,106
treatment,04,13,user0039,user0040,11,29,L,L,C,C,100,100,false,false,122,88
treatment,04,14,user0039,user0040,17,28,K,K,C,C,100,100,false,false,114,106
treatment,04,15,user0039,user0040,13,0,L,L,C,C,100,100,false,false,106,105
treatment,04,16,user0039,user0040,25,3,M,M,C,C,100,100,false,false,115,106
treatment,04,17,user0039,user0040,7,27,K,K,C,C,100,100,false,false,114,100
treatment,04,18,user0039,user0040,19,5,M,M,C,C,100,100,false,false,100,105
treatment,04,19,user0039,user0040,5,19,M,M,C,C,100,100,false,false,105,100
treatment,04,20,user0039,user0040,23,16,L,L,C,C,100,100,false,false,106,122
treatment,04,21,user0039,user0040,24,10,L,L,C,C,100,100,false,false,100,105
treatment,04,22,user0039,user0040,10,24,L,L,C,C,100,100,false,false,105,100
treatment,04,23,user0039,user0040,29,11,M,M,C,C,100,100,false,false,100,96
treatment,04,24,user0039,user0040,1,6,M,M,C,C,100,100,false,false,122,122
treatment,04,25,user0039,user0040,27,7,K,K,C,C,100,100,false,false,100,114
treatment,04,26,user0039,user0040,16,23,L,L,C,C,100,100,false,false,122,106
treatment,04,27,user0039,user0040,2,20,L,L,C,C,100,100,false,false,114,105
treatment,04,28,user0039,user0040,26,22,M,M,C,C,100,100,false,false,122,114
treatment,04,29,user0039,user0040,28,17,K,K,C,C,100,100,false,false,106,114
treatment,04,30,user0039,user0040,21,9,L,L,C,C,100,100,false,false,107,100
treatment,04,1,user0041,user0042,0,13,Y,L,I,C,79,97,false,true,50,-85
treatment,04,2,user0041,user0042,20,2,Y,Y,I,I,0,87,false,true,50,50
treatment,04,3,user0041,user0042,15,4,Y,L,I,C,2,93,false,true,50,4
treatment,04,4,user0041,user0042,3,25,M,K,C,C,92,70,true,true,106,130
treatment,04,5,user0041,user0042,12,8,M,L,C,C,85,82,true,true,114,82
treatment,04,6,user0041,user0042,9,21,L,M,C,C,74,74,false,true,100,96
treatment,04,7,user0041,user0042,18,14,Y,Y,I,I,16,79,true,true,50,50
treatment,04,8,user0041,user0042,22,26,Y,Y,I,I,36,82,true,true,50,50
treatment,04,9,user0041,user0042,8,12,M,L,C,C,70,97,true,true,106,100
treatment,04,10,user0041,user0042,4,15,K,K,C,C,100,85,true,true,100,105
treatment,04,11,user0041,user0042,14,18,Y,Y,I,I,20,100,false,true,50,50
treatment,04,12,user0041,user0042,11,29,L,M,C,C,93,97,true,true,122,100
treatment,04,13,user0041,user0042,17,28,Y,Y,I,I,61,98,true,true,50,50
treatment,04,14,user0041,user0042,13,0,Y,Y,I,I,34,99,true,true,50,50
treatment,04,15,user0041,user0042,25,3,Y,M,I,C,94,97,false,true,50,-19
treatment,04,16,user0041,user0042,7,27,M,M,C,C,83,100,true,true,100,88
treatment,04,17,user0041,user0042,19,5,M,Y,C,I,94,94,true,true,-68,50
treatment,04,18,user0041,user0042,5,19,M,Y,C,I,61,99,true,true,-33,50
treatment,04,19,user0041,user0042,23,16,Y,Y,I,I,18,98,true,true,50,50
treatment,04,20,user0041,user0042,24,10,L,K,C,C,100,100,true,true,100,130
treatment,04,21,user0041,user0042,10,24,Y,L,I,C,95,100,false,true,50,-150
treatment,04,22,user0041,user0042,29,11,Y,Y,I,I,67,100,false,true,50,50
treatment,04,23,user0041,user0042,1,6,M,M,C,C,100,100,true,true,122,122
treatment,04,24,user0041,user0042,27,7,Y,L,I,C,83,100,true,true,50,-8
treatment,04,25,user0041,user0042,16,23,M,M,C,C,89,99,true,true,96,82
treatment,04,26,user0041,user0042,2,20,M,L,C,C,90,100,false,true,100,105
treatment,04,27,user0041,user0042,26,22,Y,Y,I,I,0,100,false,true,50,50
treatment,04,28,user0041,user0042,28,17,Y,Y,I,I,47,0,true,true,50,50
treatment,04,29,user0041,user0042,21,9,Y,Y,I,I,24,30,true,true,50,50
treatment,04,30,user0041,user0042,6,1,M,M,C,C,100,100,false,true,122,122
treatment,05,1,user0047,user0048,6,1,M,Y,C,I,100,75,true,true,-60,50
treatment,05,2,user0047,user0048,0,13,K,Y,C,I,100,87,true,false,-48,50
treatment,05,3,user0047,user0048,20,2,K,M,C,C,100,100,true,true,130,100
treatment,05,4,user0047,user0048,15,4,M,M,C,C,100,85,true,true,130,72
treatment,05,5,user0047,user0048,3,25,Y,Y,I,I,0,0,true,true,50,50
treatment,05,6,user0047,user0048,12,8,M,Y,C,I,91,93,true,true,-100,50
treatment,05,7,user0047,user0048,9,21,L,Y,C,I,100,4,false,true,-25,50
treatment,05,8,user0047,user0048,18,14,K,Y,C,I,99,100,true,true,-118,50
treatment,05,9,user0047,user0048,22,26,Y,Y,I,I,100,1,true,false,50,50
treatment,05,10,user0047,user0048,8,12,M,L,C,C,100,66,true,true,106,100
treatment,05,11,user0047,user0048,4,15,K,Y,C,I,83,25,false,false,-9,50
treatment,05,12,user0047,user0048,14,18,K,K,C,C,100,62,true,true,100,106
treatment,05,13,user0047,user0048,11,29,Y,Y,I,I,15,58,true,false,50,50
treatment,05,14,user0047,user0048,17,28,K,Y,C,I,89,1,false,false,-142,50
treatment,05,15,user0047,user0048,13,0,L,M,C,C,100,100,false,true,106,115
treatment,05,16,user0047,user0048,25,3,K,M,C,C,100,100,false,true,130,106
treatment,05,17,user0047,user0048,7,27,K,Y,C,I,100,21,false,true,-46,50
treatment,05,18,user0047,user0048,19,5,M,Y,C,I,100,100,false,true,-68,50
treatment,05,19,user0047,user0048,5,19,K,Y,C,I,100,91,false,false,-48,50
treatment,05,20,user0047,user0048,23,16,Y,Y,I,I,18,15,false,false,50,50
treatment,05,21,user0047,user0048,24,10,L,L,C,C,100,85,true,true,100,105
treatment,05,22,user0047,user0048,10,24,K,Y,C,I,100,96,true,true,-140,50
treatment,05,23,user0047,user0048,29,11,L,Y,C,I,95,82,false,false,-165,50
treatment,05,24,user0047,user0048,1,6,K,K,C,C,98,96,false,false,96,96
treatment,05,25,user0047,user0048,27,7,L,L,C,C,97,93,true,false,114,88
treatment,05,26,user0047,user0048,16,23,Y,Y,I,I,100,35,false,false,50,50
treatment,05,27,user0047,user0048,2,20,Y,Y,I,I,15,23,true,false,50,50
treatment,05,28,user0047,user0048,26,22,Y,Y,I,I,100,7,true,false,50,50
treatment,05,29,user0047,user0048,28,17,K,Y,C,I,97,29,true,true,-270,50
treatment,05,30,user0047,user0048,21,9,M,L,C,C,100,100,false,false,96,100
treatment,05,1,user0049,user0050,0,13,K,Y,C,I,55,92,false,true,-48,50
treatment,05,2,user0049,user0050,20,2,L,L,C,C,81,100,false,true,105,114
treatment,05,3,user0049,user0050,15,4,K,M,C,C,74,100,false,true,105,72
treatment,05,4,user0049,user0050,3,25,Y,Y,I,I,22,26,false,false,50,50
treatment,05,5,user0049,user0050,12,8,L,L,C,C,91,94,false,true,100,82
treatment,05,6,user0049,user0050,9,21,K,Y,C,I,76,95,false,true,-7,50
treatment,05,7,user0049,user0050,18,14,L,L,C,C,74,96,false,true,82,72
treatment,05,8,user0049,user0050,22,26,Y,Y,I,I,14,19,true,false,50,50
treatment,05,9,user0049,user0050,8,12,K,Y,C,I,50,96,false,true,-18,50
treatment,05,10,user0049,user0050,4,15,Y,Y,I,I,59,14,false,false,50,50
treatment,05,11,user0049,user0050,14,18,Y,Y,I,I,83,17,true,false,50,50
treatment,05,12,user0049,user0050,11,29,Y,Y,I,I,72,23,true,false,50,50
treatment,05,13,user0049,user0050,17,28,Y,Y,I,I,73,20,false,false,50,50
treatment,05,14,user0049,user0050,13,0,K,K,C,C,97,91,false,false,82,130
treatment,05,15,user0049,user0050,25,3,Y,Y,I,I,50,21,false,false,50,50
treatment,05,16,user0049,user0050,7,27,Y,Y,I,I,35,17,false,false,50,50
treatment,05,17,user0049,user0050,19,5,Y,Y,I,I,50,24,false,false,50,50
treatment,05,18,user0049,user0050,5,19,Y,Y,I,I,63,21,false,false,50,50
treatment,05,19,user0049,user0050,23,16,Y,Y,I,I,46,9,true,false,50,50
treatment,05,20,user0049,user0050,24,10,K,Y,C,I,41,17,false,false,-40,50
treatment,05,21,user0049,user0050,10,24,Y,Y,I,I,19,19,false,false,50,50
treatment,05,22,user0049,user0050,29,11,Y,Y,I,I,20,19,false,false,50,50
treatment,05,23,user0049,user0050,1,6,L,M,C,C,96,94,false,true,107,122
treatment,05,24,user0049,user0050,27,7,K,L,C,C,100,90,false,false,100,88
treatment,05,25,user0049,user0050,16,23,M,Y,C,I,99,92,false,true,-90,50
treatment,05,26,user0049,user0050,2,20,Y,Y,I,I,11,20,false,false,50,50
treatment,05,27,user0049,user0050,26,22,Y,Y,I,I,9,16,true,false,50,50
treatment,05,28,user0049,user0050,28,17,Y,Y,I,I,5,8,false,false,50,50
treatment,05,29,user0049,user0050,21,9,M,M,C,C,66,93,false,false,96,72
treatment,05,30,user0049,user0050,6,1,M,K,C,C,96,97,false,false,122,96
treatment,06,1,user0055,user0056,6,1,M,M,C,C,92,93,true,false,122,122
treatment,06,2,user0055,user0056,0,13,K,M,C,C,99,93,true,false,130,95
treatment,06,3,user0055,user0056,20,2,K,L,C,C,100,91,false,false,130,114
treatment,06,4,user0055,user0056,15,4,M,K,C,C,100,87,true,false,130,100
treatment,06,5,user0055,user0056,3,25,M,K,C,C,100,79,false,false,106,130
treatment,06,6,user0055,user0056,12,8,M,M,C,C,100,86,false,false,114,106
treatment,06,7,user0055,user0056,9,21,L,K,C,C,100,88,false,false,100,122
treatment,06,8,user0055,user0056,18,14,K,K,C,C,100,89,false,false,106,100
treatment,06,9,user0055,user0056,22,26,M,M,C,C,100,84,false,false,114,122
treatment,06,10,user0055,user0056,8,12,M,M,C,C,50,84,false,false,106,114
treatment,06,11,user0055,user0056,4,15,K,M,C,C,95,87,false,false,100,130
treatment,06,12,user0055,user0056,14,18,K,K,C,C,100,77,false,false,100,106
treatment,06,13,user0055,user0056,11,29,L,M,C,C,100,80,false,false,122,100
treatment,06,14,user0055,user0056,17,28,K,K,C,C,100,78,false,false,114,106
treatment,06,15,user0055,user0056,13,0,L,K,C,C,100,80,false,false,106,130
treatment,06,16,user0055,user0056,25,3,K,M,C,C,100,88,false,false,130,106
treatment,06,17,user0055,user0056,7,27,M,L,C,C,100,77,false,false,100,114
treatment,06,18,user0055,user0056,19,5,M,L,C,C,100,74,false,false,100,130
treatment,06,19,user0055,user0056,5,19,L,M,C,C,100,85,true,false,130,100
treatment,06,20,user0055,user0056,23,16,L,L,C,C,100,93,false,false,106,122
treatment,06,21,user0055,user0056,24,10,L,K,C,C,100,80,false,false,100,130
treatment,06,22,user0055,user0056,10,24,K,L,C,C,100,79,true,false,130,100
treatment,06,23,user0055,user0056,29,11,M,L,C,C,100,75,false,false,100,122
treatment,06,24,user0055,user0056,1,6,M,M,C,C,95,78,false,false,122,122
treatment,06,25,user0055,user0056,27,7,L,K,C,C,95,70,true,false,114,114
treatment,06,26,user0055,user0056,16,23,L,L,C,C,97,89,false,false,122,106
treatment,06,27,user0055,user0056,2,20,M,K,C,C,97,86,false,false,100,130
treatment,06,28,user0055,user0056,26,22,M,M,C,C,98,81,false,false,122,114
treatment,06,29,user0055,user0056,28,17,K,K,C,C,98,81,false,false,106,114
treatment,06,30,user0055,user0056,21,9,K,L,C,C,97,81,false,false,122,100
treatment,06,1,user0057,user0058,0,13,K,L,C,C,91,100,true,false,130,106
treatment,06,2,user0057,user0058,20,2,K,L,C,C,100,100,true,false,130,114
treatment,06,3,user0057,user0058,15,4,M,K,C,C,97,100,true,false,130,100
treatment,06,4,user0057,user0058,3,25,M,K,C,C,100,100,true,false,106,130
treatment,06,5,user0057,user0058,12,8,M,M,C,C,98,100,false,false,114,106
treatment,06,6,user0057,user0058,9,21,L,K,C,C,98,100,true,false,100,122
treatment,06,7,user0057,user0058,18,14,K,K,C,C,98,100,false,false,106,100
treatment,06,8,user0057,user0058,22,26,M,M,C,C,99,100,false,false,114,122
treatment,06,9,user0057,user0058,8,12,M,M,C,C,97,100,false,false,106,114
treatment,06,10,user0057,user0058,4,15,K,M,C,C,100,100,false,false,100,130
treatment,06,11,user0057,user0058,14,18,K,K,C,C,89,100,false,false,100,106
treatment,06,12,user0057,user0058,11,29,L,M,C,C,97,100,false,false,122,100
treatment,06,13,user0057,user0058,17,28,K,K,C,C,98,100,false,false,114,106
treatment,06,14,user0057,user0058,13,0,L,K,C,C,100,100,false,false,106,130
treatment,06,15,user0057,user0058,25,3,K,M,C,C,98,100,false,false,130,106
treatment,06,16,user0057,user0058,7,27,K,L,C,C,98,100,false,false,114,114
treatment,06,17,user0057,user0058,19,5,M,L,C,C,100,100,false,false,100,130
treatment,06,18,user0057,user0058,5,19,L,M,C,C,100,100,false,false,130,100
treatment,06,19,user0057,user0058,23,16,L,L,C,C,100,100,false,false,106,122
treatment,06,20,user0057,user0058,24,10,L,K,C,C,100,100,false,false,100,130
treatment,06,21,user0057,user0058,10,24,K,L,C,C,100,100,false,false,130,100
treatment,06,22,user0057,user0058,29,11,M,L,C,C,100,100,false,false,100,122
treatment,06,23,user0057,user0058,1,6,M,M,C,C,100,100,false,false,122,122
treatment,06,24,user0057,user0058,27,7,L,K,C,C,100,100,false,false,114,114
treatment,06,25,user0057,user0058,16,23,L,L,C,C,100,100,false,false,122,106
treatment,06,26,user0057,user0058,2,20,L,K,C,C,100,100,false,false,114,130
treatment,06,27,user0057,user0058,26,22,M,M,C,C,100,100,false,false,122,114
treatment,06,28,user0057,user0058,28,17,K,K,C,C,100,100,false,false,106,114
treatment,06,29,user0057,user0058,21,9,K,L,C,C,100,100,false,false,122,100
treatment,06,30,user0057,user0058,6,1,M,M,C,C,100,100,false,false,122,122
treatment,07,1,user0059,user0060,6,1,M,M,C,C,96,78,false,false,122,122
treatment,07,2,user0059,user0060,0,13,L,L,C,C,90,80,false,false,105,106
treatment,07,3,user0059,user0060,20,2,L,L,C,C,92,82,false,false,105,114
treatment,07,4,user0059,user0060,15,4,K,K,C,C,85,100,false,false,105,100
treatment,07,5,user0059,user0060,3,25,M,M,C,C,84,83,false,false,106,115
treatment,07,6,user0059,user0060,12,8,M,M,C,C,95,85,false,false,114,106
treatment,07,7,user0059,user0060,9,21,L,L,C,C,98,98,false,true,100,107
treatment,07,8,user0059,user0060,18,14,K,K,C,C,98,87,false,false,106,100
treatment,07,9,user0059,user0060,22,26,M,M,C,C,93,86,false,false,114,122
treatment,07,10,user0059,user0060,8,12,M,M,C,C,91,86,false,false,106,114
treatment,07,11,user0059,user0060,4,15,M,M,C,C,98,87,false,false,72,130
treatment,07,12,user0059,user0060,14,18,K,K,C,C,95,78,false,false,100,106
treatment,07,13,user0059,user0060,11,29,L,L,C,C,95,88,false,false,122,88
treatment,07,14,user0059,user0060,17,28,K,K,C,C,100,82,false,false,114,106
treatment,07,15,user0059,user0060,13,0,K,K,C,C,98,94,false,false,82,130
treatment,07,16,user0059,user0060,25,3,K,K,C,C,90,84,false,false,130,95
treatment,07,17,user0059,user0060,7,27,L,L,C,C,98,84,false,false,88,114
treatment,07,18,user0059,user0060,19,5,M,M,C,C,95,84,false,false,100,105
treatment,07,19,user0059,user0060,5,19,M,M,C,C,97,82,false,false,105,100
treatment,07,20,user0059,user0060,23,16,L,L,C,C,97,89,false,false,106,122
treatment,07,21,user0059,user0060,24,10,K,K,C,C,97,85,false,false,72,130
treatment,07,22,user0059,user0060,10,24,K,K,C,C,97,83,false,false,130,72
treatment,07,23,user0059,user0060,29,11,L,L,C,C,96,88,false,false,88,122
treatment,07,24,user0059,user0060,1,6,M,M,C,C,93,75,false,false,122,122
treatment,07,25,user0059,user0060,27,7,L,L,C,C,94,88,false,false,114,88
treatment,07,26,user0059,user0060,16,23,L,L,C,C,97,91,false,false,122,106
treatment,07,27,user0059,user0060,2,20,K,K,C,C,94,81,false,false,88,130
treatment,07,28,user0059,user0060,26,22,M,M,C,C,97,88,false,false,122,114
treatment,07,29,user0059,user0060,28,17,K,K,C,C,98,83,false,false,106,114
treatment,07,30,user0059,user0060,21,9,L,L,C,C,96,86,false,false,107,100
treatment,07,1,user0061,user0062,0,13,K,L,C,C,96,81,true,false,130,106
treatment,07,2,user0061,user0062,20,2,L,L,C,C,98,64,false,false,105,114
treatment,07,3,user0061,user0062,15,4,K,K,C,C,99,86,true,false,105,100
treatment,07,4,user0061,user0062,3,25,L,Y,C,I,99,97,true,false,11,50
treatment,07,5,user0061,user0062,12,8,K,M,C,C,100,68,true,false,88,106
treatment,07,6,user0061,user0062,9,21,L,K,C,C,100,83,true,false,100,122
treatment,07,7,user0061,user0062,18,14,Y,K,I,C,100,55,true,false,50,-68
treatment,07,8,user0061,user0062,22,26,M,Y,C,I,100,87,true,false,-210,50
treatment,07,9,user0061,user0062,8,12,L,M,C,C,99,61,true,false,82,114
treatment,07,10,user0061,user0062,4,15,K,M,C,C,99,61,false,false,100,130
treatment,07,11,user0061,user0062,14,18,Y,K,I,C,98,55,true,false,50,-118
treatment,07,12,user0061,user0062,11,29,K,M,C,C,99,61,true,false,107,100
treatment,07,13,user0061,user0062,17,28,L,K,C,C,99,52,false,false,100,106
treatment,07,14,user0061,user0062,13,0,L,K,C,C,100,97,false,false,106,130
treatment,07,15,user0061,user0062,25,3,L,M,C,C,100,87,true,false,105,106
treatment,07,16,user0061,user0062,7,27,M,L,C,C,99,63,false,false,100,114
treatment,07,17,user0061,user0062,19,5,K,L,C,C,98,93,true,false,72,130
treatment,07,18,user0061,user0062,5,19,K,M,C,C,100,74,true,false,115,100
treatment,07,19,user0061,user0062,23,16,M,L,C,C,100,70,false,false,82,122
treatment,07,20,user0061,user0062,24,10,K,K,C,C,99,96,false,false,72,130
treatment,07,21,user0061,user0062,10,24,L,L,C,C,100,87,true,false,105,100
treatment,07,22,user0061,user0062,29,11,K,L,C,C,100,68,false,false,72,122
treatment,07,23,user0061,user0062,1,6,M,M,C,C,98,60,false,false,122,122
treatment,07,24,user0061,user0062,27,7,M,K,C,C,99,92,true,false,88,114
treatment,07,25,user0061,user0062,16,23,M,L,C,C,100,60,true,false,96,106
treatment,07,26,user0061,user0062,2,20,L,K,C,C,100,53,false,false,114,130
treatment,07,27,user0061,user0062,26,22,Y,M,I,C,99,53,true,false,50,-210
treatment,07,28,user0061,user0062,28,17,Y,K,I,C,100,52,true,false,50,-142
treatment,07,29,user0061,user0062,21,9,M,L,C,C,96,97,true,false,96,100
treatment,07,30,user0061,user0062,6,1,K,M,C,C,99,60,false,false,96,122
